-- phpMyAdmin SQL Dump
-- version 5.2.1
-- https://www.phpmyadmin.net/
--
-- Host: 127.0.0.1
-- Generation Time: Jul 04, 2024 at 03:07 PM
-- Server version: 10.4.32-MariaDB
-- PHP Version: 8.1.25

SET SQL_MODE = "NO_AUTO_VALUE_ON_ZERO";
START TRANSACTION;
SET time_zone = "+00:00";


/*!40101 SET @OLD_CHARACTER_SET_CLIENT=@@CHARACTER_SET_CLIENT */;
/*!40101 SET @OLD_CHARACTER_SET_RESULTS=@@CHARACTER_SET_RESULTS */;
/*!40101 SET @OLD_COLLATION_CONNECTION=@@COLLATION_CONNECTION */;
/*!40101 SET NAMES utf8mb4 */;

--
-- Database: `loc8_ml`
--

-- --------------------------------------------------------

--
-- Table structure for table `assigned_budgets`
--

CREATE TABLE `assigned_budgets` (
  `id` varchar(100) NOT NULL,
  `user_id` int(11) NOT NULL,
  `budget_id` varchar(100) NOT NULL,
  `status` int(1) NOT NULL DEFAULT 1
) ENGINE=InnoDB DEFAULT CHARSET=utf8mb4 COLLATE=utf8mb4_general_ci;

--
-- Dumping data for table `assigned_budgets`
--

INSERT INTO `assigned_budgets` (`id`, `user_id`, `budget_id`, `status`) VALUES
('7001a0a3-f2e5-4b7f-9223-0150fdef12ff', 39, 'f92657bc-8f51-47f4-9b48-116af6f2b5ab', 0);

-- --------------------------------------------------------

--
-- Table structure for table `billboards`
--

CREATE TABLE `billboards` (
  `id` varchar(36) NOT NULL,
  `video_id` varchar(36) DEFAULT NULL,
  `visibility_duration` float DEFAULT NULL,
  `distance_to_center` float DEFAULT NULL,
  `central_duration` float DEFAULT NULL,
  `near_p_duration` float DEFAULT NULL,
  `mid_p_duration` float DEFAULT NULL,
  `far_p_duration` float DEFAULT NULL,
  `central_distance` float DEFAULT NULL,
  `near_p_distance` float DEFAULT NULL,
  `mid_p_distance` float DEFAULT NULL,
  `far_p_distance` float DEFAULT NULL,
  `average_areas` float DEFAULT NULL,
  `confidence` float DEFAULT NULL,
  `tracker_id` int(11) DEFAULT NULL,
  `created_at` timestamp NOT NULL DEFAULT current_timestamp(),
  `created_by_user_id` int(11) NOT NULL,
  `latitude` decimal(9,6) DEFAULT NULL,
  `longitude` decimal(9,6) DEFAULT NULL,
  `vendor_name` varchar(255) DEFAULT NULL,
  `location` varchar(255) DEFAULT NULL,
  `traffic_direction` varchar(255) DEFAULT NULL,
  `media_type` varchar(255) DEFAULT NULL,
  `illumination` varchar(255) DEFAULT NULL,
  `width` float DEFAULT 0,
  `height` float DEFAULT 0,
  `quantity` float DEFAULT 0,
  `area` float DEFAULT 0,
  `display_cost_per_month` float DEFAULT 0,
  `printing_rate` float DEFAULT 0,
  `mounting_rate` float DEFAULT 0,
  `printing_cost` float DEFAULT 0,
  `mounting_cost` float DEFAULT 0,
  `total_cost` float DEFAULT 0,
  `site_image` varchar(255) DEFAULT NULL,
  `map_image` varchar(255) DEFAULT NULL,
  `focal_vision_duration` float DEFAULT 0,
  `saliency_score_front_city` float DEFAULT NULL,
  `saliency_score_rear_city` float DEFAULT 0,
  `net_saliency_score_city` float DEFAULT 0,
  `duration` int(11) DEFAULT 0,
  `rental_per_month` float DEFAULT 0,
  `cost_for_duration` float DEFAULT 0,
  `Rank_net_saliency_citywise` int(11) NOT NULL DEFAULT 0,
  `rank_saliency_front_locationwise` int(11) NOT NULL DEFAULT 0,
  `rank_saliency_rear_locationwise` int(11) NOT NULL DEFAULT 0,
  `rank_net_saliency_locationwise` int(11) NOT NULL DEFAULT 0,
  `Rank_front_saliency_citywise` int(11) NOT NULL DEFAULT 0,
  `Rank_rear_saliency_citywise` int(11) NOT NULL DEFAULT 0,
  `efficiency` float NOT NULL DEFAULT 0,
  `impression_id` int(11) DEFAULT NULL
) ENGINE=InnoDB DEFAULT CHARSET=utf8mb4 COLLATE=utf8mb4_general_ci;

--
-- Dumping data for table `billboards`
--

INSERT INTO `billboards` (`id`, `video_id`, `visibility_duration`, `distance_to_center`, `central_duration`, `near_p_duration`, `mid_p_duration`, `far_p_duration`, `central_distance`, `near_p_distance`, `mid_p_distance`, `far_p_distance`, `average_areas`, `confidence`, `tracker_id`, `created_at`, `created_by_user_id`, `latitude`, `longitude`, `vendor_name`, `location`, `traffic_direction`, `media_type`, `illumination`, `width`, `height`, `quantity`, `area`, `display_cost_per_month`, `printing_rate`, `mounting_rate`, `printing_cost`, `mounting_cost`, `total_cost`, `site_image`, `map_image`, `focal_vision_duration`, `saliency_score_front_city`, `saliency_score_rear_city`, `net_saliency_score_city`, `duration`, `rental_per_month`, `cost_for_duration`, `Rank_net_saliency_citywise`, `rank_saliency_front_locationwise`, `rank_saliency_rear_locationwise`, `rank_net_saliency_locationwise`, `Rank_front_saliency_citywise`, `Rank_rear_saliency_citywise`, `efficiency`, `impression_id`) VALUES
('22a83f6b-48fd-404f-baa7-f2a54189bb9b', 'a48252b1-5961-42f8-a887-f358df838e62', 2.38, 42.7, 0.62, 0.93, 0.48, 0.34, 60.19, 66.38, 76.84, 87.03, 0.61, 0.76, 7, '2024-06-08 06:10:08', 1, 18.899777, 73.200974, 'max', 'Andheri, 410222, India', 'right', 'media', 'backlit', 500, 500, 5, 1250000, 0, 8, 8, 10000000, 10000000, 20000000, 'b15ae4ad1817f804e982e8ca17f40888.jpg', NULL, 0, 26.986, 27.0165, 26.9921, 50, 65000, 108333, 7, 5, 5, 5, 7, 7, 41.5263, NULL),
('2af06afe-153e-4eb0-b7da-8230890b895e', 'a48252b1-5961-42f8-a887-f358df838e62', 1.76, 43.53, 0.21, 0.79, 0.41, 0.31, 61.48, 66.86, 77.64, 88.68, 1.45, 0.64, 12, '2024-06-08 06:10:09', 1, 0.000000, 0.000000, 'Rohit', 'Mumbai -India', 'UP', 'media type', 'illumination', 103, 31, 5, 15965, 0, 7, 8, 111755, 127720, 239475, 'b15ae4ad1817f804e982e8ca17f40888.jpg', '407a94df-7c44-4b78-ab7c-dbf54f69cc71map.png', 0, 26.7997, 26.8722, 26.8142, 200, 100000, 666667, 8, 6, 6, 6, 8, 8, 26.8142, NULL),
('35afb8f9-5026-4467-a29d-08b0831f6307', 'a48252b1-5961-42f8-a887-f358df838e62', 0.31, 31.18, 0, 0, 0.31, 0, 0, 0, 77.29, 0, 0.31, 0.56, 10, '2024-06-08 06:10:09', 1, 0.000000, 0.000000, 'Rohit', 'Mumbai -India', 'UP', 'media type', 'illumination', 899, 90, 2, 161820, 0, 8, 9, 1294560, 1456380, 2750940, 'b15ae4ad1817f804e982e8ca17f40888.jpg', NULL, 0, 31.4017, 31.4172, 31.4048, 1000, 20000, 666667, 2, 1, 1, 1, 2, 2, 157.024, NULL),
('530b715d-1472-4b87-bdbc-037b0ccb650c', 'a48252b1-5961-42f8-a887-f358df838e62', 8.17, 43.95, 0, 3.1, 2.69, 2, 0, 39, 35.88, 34.37, 1.64, 0.7, 35, '2024-06-08 06:10:09', 1, 18.898224, 73.202648, 'Roht', 'Mumbai -India', 'UP', 'media type', 'illumination', 400, 700, 6, 1680000, 0, 8, 9, 13440000, 15120000, 28560000, 'b15ae4ad1817f804e982e8ca17f40888.jpg', 'a0190571-bbf9-436d-896b-87346d438945renault_billboard_images.jpg', 0, 27.2059, 27.2879, 27.2223, 30, 5000, 5000, 5, 3, 3, 3, 5, 5, 544.446, NULL),
('59f557a9-968f-494b-9992-f8333242e315', 'a48252b1-5961-42f8-a887-f358df838e62', 0.24, 41.36, 0, 0, 0.1, 0.14, 0, 0, 32.58, 30.77, 1.02, 0.69, 14, '2024-06-08 06:10:09', 1, 18.904081, 73.202448, 'Mohit', 'Mumbai -India', 'Down', 'media type', 'illumination', 800, 200, 4, 640000, 0, 8, 7, 5120000, 4480000, 9600000, 'b15ae4ad1817f804e982e8ca17f40888.jpg', '5e1be20d-fc0e-4be5-b856-b8acb7085947map.png', 0, 27.4629, 27.5139, 27.4731, 100, 1000000, 3333330, 4, 2, 2, 2, 4, 4, 2.74731, NULL),
('773f4cf1-be31-4350-b349-1dafba896dfd', 'a48252b1-5961-42f8-a887-f358df838e62', 1.55, 42.5, 0, 0.72, 0.48, 0.31, 0, 67.35, 76.91, 87.04, 0.58, 0.75, 9, '2024-06-08 06:10:09', 1, 18.897140, 73.199043, 'Mohit', 'Mumbai -India', 'Down', 'media type', 'illumination', 40, 90, 3, 10800, 0, 8, 9, 86400, 97200, 183600, 'b15ae4ad1817f804e982e8ca17f40888.jpg', '7939f7b4-e873-47a4-9e1e-556fadf2cf02renault_images.jpeg', 0, 27.0362, 27.0652, 27.042, 100, 200000, 666667, 6, 4, 4, 4, 6, 6, 13.521, NULL),
('af801ffe-1b06-4b97-8742-b1430d690c18', 'a48252b1-5961-42f8-a887-f358df838e62', 0.59, 35.45, 0, 0.1, 0.38, 0.07, 0, 71.7, 77.62, 83.94, 0.37, 0.54, 8, '2024-06-08 06:10:08', 1, NULL, NULL, NULL, NULL, NULL, NULL, NULL, 0, 0, 0, 0, 0, 0, 0, 0, 0, 0, 'b15ae4ad1817f804e982e8ca17f40888.jpg', NULL, 0, 29.7263, 29.7448, 29.73, 0, 0, 0, 3, 0, 0, 0, 3, 3, 0, NULL),
('c4a40bb5-95b0-4110-9d00-b3e1981b741d', 'a48252b1-5961-42f8-a887-f358df838e62', 13.48, 46.76, 7.17, 2.76, 1.9, 1.38, 57.21, 70.15, 81.51, 92.43, 2.34, 0.69, 6, '2024-06-08 06:10:08', 1, 18.893685, 73.208442, 'Max', 'Mumbai -India', 'straight', 'billboard', 'front lit', 200, 200, 15, 600000, 0, 8, 8, 4800000, 4800000, 9600000, 'b15ae4ad1817f804e982e8ca17f40888.jpg', NULL, 0, 26.0819, 26.1989, 26.1053, 20, 50000, 33333.3, 9, 7, 7, 7, 9, 9, 52.2106, NULL),
('d24367f3-a8a1-4e84-ab23-dbcf237ac058', 'a48252b1-5961-42f8-a887-f358df838e62', 3.24, 19.75, 2.1, 0, 0, 0, 51.02, 0, 0, 0, 9.82, 0.54, 11, '2024-06-08 06:10:09', 1, NULL, NULL, NULL, NULL, NULL, NULL, NULL, 0, 0, 0, 0, 0, 0, 0, 0, 0, 0, 'b15ae4ad1817f804e982e8ca17f40888.jpg', NULL, 0, 37.8498, 38.3408, 37.948, 0, 0, 0, 1, 0, 0, 0, 1, 1, 0, NULL);

--
-- Triggers `billboards`
--
DELIMITER $$
CREATE TRIGGER `calculate_area_before_insert` BEFORE INSERT ON `billboards` FOR EACH ROW BEGIN
    SET NEW.area = NEW.width * NEW.height * NEW.quantity;
END
$$
DELIMITER ;
DELIMITER $$
CREATE TRIGGER `calculate_area_before_update` BEFORE UPDATE ON `billboards` FOR EACH ROW BEGIN
    SET NEW.area = NEW.width * NEW.height * NEW.quantity;
END
$$
DELIMITER ;
DELIMITER $$
CREATE TRIGGER `calculate_total_cost_before_insert` BEFORE INSERT ON `billboards` FOR EACH ROW BEGIN
    SET NEW.printing_cost = NEW.area * NEW.printing_rate;
    SET NEW.mounting_cost = NEW.area * NEW.mounting_rate;
    SET NEW.total_cost = NEW.display_cost_per_month + NEW.printing_cost + NEW.mounting_cost;
END
$$
DELIMITER ;
DELIMITER $$
CREATE TRIGGER `calculate_total_cost_before_update` BEFORE UPDATE ON `billboards` FOR EACH ROW BEGIN
    SET NEW.printing_cost = NEW.area * NEW.printing_rate;
    SET NEW.mounting_cost = NEW.area * NEW.mounting_rate;
    SET NEW.total_cost = NEW.display_cost_per_month + NEW.printing_cost + NEW.mounting_cost;
END
$$
DELIMITER ;

-- --------------------------------------------------------

--
-- Table structure for table `briefs`
--

CREATE TABLE `briefs` (
  `brief_id` varchar(100) NOT NULL,
  `category` varchar(200) NOT NULL,
  `brand_name` varchar(200) NOT NULL,
  `brand_logo` varchar(300) NOT NULL,
  `target_audience` varchar(150) NOT NULL,
  `campaign_obj` varchar(200) NOT NULL,
  `media_approach` varchar(200) NOT NULL,
  `is_immediate_camp` tinyint(1) NOT NULL DEFAULT 0,
  `start_date` date DEFAULT NULL,
  `notes` text DEFAULT NULL,
  `status` int(1) NOT NULL DEFAULT 0,
  `created_at` timestamp NOT NULL DEFAULT current_timestamp(),
  `created_by_user_id` int(11) NOT NULL
) ENGINE=InnoDB DEFAULT CHARSET=utf8mb4 COLLATE=utf8mb4_general_ci;

--
-- Dumping data for table `briefs`
--

INSERT INTO `briefs` (`brief_id`, `category`, `brand_name`, `brand_logo`, `target_audience`, `campaign_obj`, `media_approach`, `is_immediate_camp`, `start_date`, `notes`, `status`, `created_at`, `created_by_user_id`) VALUES
('2b4baa8d-4727-4679-a89f-32875e85412a', 'test', 'max life', '2b4baa8d-4727-4679-a89f-32875e85412aMax_Life_Insurance_logo.png', 'middle class', 'insurance', 'media', 0, NULL, NULL, 0, '2024-04-09 17:12:48', 34);

-- --------------------------------------------------------

--
-- Table structure for table `brief_budgets`
--

CREATE TABLE `brief_budgets` (
  `budget_id` varchar(100) NOT NULL,
  `brief_id` varchar(100) NOT NULL,
  `zone_id` int(11) NOT NULL,
  `state_id` int(11) NOT NULL,
  `city_id` int(11) NOT NULL,
  `budget` float NOT NULL
) ENGINE=InnoDB DEFAULT CHARSET=utf8mb4 COLLATE=utf8mb4_general_ci;

--
-- Dumping data for table `brief_budgets`
--

INSERT INTO `brief_budgets` (`budget_id`, `brief_id`, `zone_id`, `state_id`, `city_id`, `budget`) VALUES
('f92657bc-8f51-47f4-9b48-116af6f2b5ab', '2b4baa8d-4727-4679-a89f-32875e85412a', 3, 11, 8, 200000);

-- --------------------------------------------------------

--
-- Table structure for table `cities`
--

CREATE TABLE `cities` (
  `city_id` int(11) NOT NULL,
  `city_name` varchar(50) NOT NULL,
  `state_id` int(11) DEFAULT NULL
) ENGINE=InnoDB DEFAULT CHARSET=utf8mb4 COLLATE=utf8mb4_general_ci;

--
-- Dumping data for table `cities`
--

INSERT INTO `cities` (`city_id`, `city_name`, `state_id`) VALUES
(6, 'new york city', 9),
(7, 'south city', 10),
(8, 'mumbai', 11);

-- --------------------------------------------------------

--
-- Table structure for table `impression_data`
--

CREATE TABLE `impression_data` (
  `lat1` decimal(9,6) NOT NULL,
  `long1` decimal(9,6) NOT NULL,
  `lat2` decimal(9,6) NOT NULL,
  `long2` decimal(9,6) NOT NULL,
  `lat3` decimal(9,6) NOT NULL,
  `lat4` decimal(9,6) NOT NULL,
  `lat5` decimal(9,6) NOT NULL,
  `lat6` decimal(9,6) NOT NULL,
  `lat7` decimal(9,6) NOT NULL,
  `long7` decimal(9,6) NOT NULL,
  `long6` decimal(9,6) NOT NULL,
  `long5` decimal(9,6) NOT NULL,
  `long4` decimal(9,6) NOT NULL,
  `long3` decimal(9,6) NOT NULL,
  `impression` int(11) NOT NULL,
  `impression_id` int(11) NOT NULL
) ENGINE=InnoDB DEFAULT CHARSET=utf8mb4 COLLATE=utf8mb4_general_ci;

--
-- Dumping data for table `impression_data`
--

INSERT INTO `impression_data` (`lat1`, `long1`, `lat2`, `long2`, `lat3`, `lat4`, `lat5`, `lat6`, `lat7`, `long7`, `long6`, `long5`, `long4`, `long3`, `impression`, `impression_id`) VALUES
(72.793706, 19.196141, 72.796593, 19.191141, 72.802366, 72.805253, 72.802366, 72.796593, 72.793706, 19.196141, 19.201141, 19.201141, 19.196141, 19.191141, 2786270, 1821),
(72.793706, 19.186141, 72.796593, 19.181141, 72.802366, 72.805253, 72.802366, 72.796593, 72.793706, 19.186141, 19.191141, 19.191141, 19.186141, 19.181141, 3955349, 1822),
(72.793706, 18.966141, 72.796593, 18.961141, 72.802366, 72.805253, 72.802366, 72.796593, 72.793706, 18.966141, 18.971141, 18.971141, 18.966141, 18.961141, 3644634, 1823),
(72.793706, 18.956141, 72.796593, 18.951141, 72.802366, 72.805253, 72.802366, 72.796593, 72.793706, 18.956141, 18.961141, 18.961141, 18.956141, 18.951141, 3662930, 1824),
(72.793706, 18.946141, 72.796593, 18.941141, 72.802366, 72.805253, 72.802366, 72.796593, 72.793706, 18.946141, 18.951141, 18.951141, 18.946141, 18.941141, 3268477, 1825),
(72.802366, 19.201141, 72.805253, 19.196141, 72.811027, 72.813913, 72.811027, 72.805253, 72.802366, 19.201141, 19.206141, 19.206141, 19.201141, 19.196141, 2933444, 1826),
(72.802366, 19.141141, 72.805253, 19.136141, 72.811027, 72.813913, 72.811027, 72.805253, 72.802366, 19.141141, 19.146141, 19.146141, 19.141141, 19.136141, 4389401, 1827),
(72.802366, 19.131141, 72.805253, 19.126141, 72.811027, 72.813913, 72.811027, 72.805253, 72.802366, 19.131141, 19.136141, 19.136141, 19.131141, 19.126141, 3903316, 1828),
(72.802366, 19.001141, 72.805253, 18.996141, 72.811027, 72.813913, 72.811027, 72.805253, 72.802366, 19.001141, 19.006141, 19.006141, 19.001141, 18.996141, 2540423, 1829),
(72.802366, 18.991141, 72.805253, 18.986141, 72.811027, 72.813913, 72.811027, 72.805253, 72.802366, 18.991141, 18.996141, 18.996141, 18.991141, 18.986141, 3748726, 1830),
(72.802366, 18.981141, 72.805253, 18.976141, 72.811027, 72.813913, 72.811027, 72.805253, 72.802366, 18.981141, 18.986141, 18.986141, 18.981141, 18.976141, 3743733, 1831),
(72.802366, 18.971141, 72.805253, 18.966141, 72.811027, 72.813913, 72.811027, 72.805253, 72.802366, 18.971141, 18.976141, 18.976141, 18.971141, 18.966141, 3355506, 1832),
(72.802366, 18.961141, 72.805253, 18.956141, 72.811027, 72.813913, 72.811027, 72.805253, 72.802366, 18.961141, 18.966141, 18.966141, 18.961141, 18.956141, 3068761, 1833),
(72.802366, 18.951141, 72.805253, 18.946141, 72.811027, 72.813913, 72.811027, 72.805253, 72.802366, 18.951141, 18.956141, 18.956141, 18.951141, 18.946141, 3470114, 1834),
(72.811027, 19.216141, 72.813913, 19.211141, 72.819687, 72.822574, 72.819687, 72.813913, 72.811027, 19.216141, 19.221141, 19.221141, 19.216141, 19.211141, 3166694, 1835),
(72.811027, 19.206141, 72.813913, 19.201141, 72.819687, 72.822574, 72.819687, 72.813913, 72.811027, 19.206141, 19.211141, 19.211141, 19.206141, 19.201141, 3866246, 1836),
(72.811027, 19.196141, 72.813913, 19.191141, 72.819687, 72.822574, 72.819687, 72.813913, 72.811027, 19.196141, 19.201141, 19.201141, 19.196141, 19.191141, 4446091, 1837),
(72.811027, 19.146141, 72.813913, 19.141141, 72.819687, 72.822574, 72.819687, 72.813913, 72.811027, 19.146141, 19.151141, 19.151141, 19.146141, 19.141141, 3436912, 1838),
(72.811027, 19.126141, 72.813913, 19.121141, 72.819687, 72.822574, 72.819687, 72.813913, 72.811027, 19.126141, 19.131141, 19.131141, 19.126141, 19.121141, 3231910, 1839),
(72.811027, 19.046141, 72.813913, 19.041141, 72.819687, 72.822574, 72.819687, 72.813913, 72.811027, 19.046141, 19.051141, 19.051141, 19.046141, 19.041141, 2138122, 1840),
(72.811027, 19.016141, 72.813913, 19.011141, 72.819687, 72.822574, 72.819687, 72.813913, 72.811027, 19.016141, 19.021141, 19.021141, 19.016141, 19.011141, 3951149, 1841),
(72.811027, 19.006141, 72.813913, 19.001141, 72.819687, 72.822574, 72.819687, 72.813913, 72.811027, 19.006141, 19.011141, 19.011141, 19.006141, 19.001141, 3641683, 1842),
(72.811027, 18.996141, 72.813913, 18.991141, 72.819687, 72.822574, 72.819687, 72.813913, 72.811027, 18.996141, 19.001141, 19.001141, 18.996141, 18.991141, 2340778, 1843),
(72.811027, 18.986141, 72.813913, 18.981141, 72.819687, 72.822574, 72.819687, 72.813913, 72.811027, 18.986141, 18.991141, 18.991141, 18.986141, 18.981141, 4114307, 1844),
(72.811027, 18.976141, 72.813913, 18.971141, 72.819687, 72.822574, 72.819687, 72.813913, 72.811027, 18.976141, 18.981141, 18.981141, 18.976141, 18.971141, 3347234, 1845),
(72.811027, 18.966141, 72.813913, 18.961141, 72.819687, 72.822574, 72.819687, 72.813913, 72.811027, 18.966141, 18.971141, 18.971141, 18.966141, 18.961141, 4071170, 1846),
(72.811027, 18.956141, 72.813913, 18.951141, 72.819687, 72.822574, 72.819687, 72.813913, 72.811027, 18.956141, 18.961141, 18.961141, 18.956141, 18.951141, 2772930, 1847),
(72.811027, 18.946141, 72.813913, 18.941141, 72.819687, 72.822574, 72.819687, 72.813913, 72.811027, 18.946141, 18.951141, 18.951141, 18.946141, 18.941141, 2162157, 1848),
(72.811027, 18.926141, 72.813913, 18.921141, 72.819687, 72.822574, 72.819687, 72.813913, 72.811027, 18.926141, 18.931141, 18.931141, 18.926141, 18.921141, 4270985, 1849),
(72.811027, 18.916141, 72.813913, 18.911141, 72.819687, 72.822574, 72.819687, 72.813913, 72.811027, 18.916141, 18.921141, 18.921141, 18.916141, 18.911141, 2131600, 1850),
(72.811027, 18.906141, 72.813913, 18.901141, 72.819687, 72.822574, 72.819687, 72.813913, 72.811027, 18.906141, 18.911141, 18.911141, 18.906141, 18.901141, 3939312, 1851),
(72.819687, 19.231141, 72.822574, 19.226141, 72.828347, 72.831234, 72.828347, 72.822574, 72.819687, 19.231141, 19.236141, 19.236141, 19.231141, 19.226141, 3869367, 1852),
(72.819687, 19.221141, 72.822574, 19.216141, 72.828347, 72.831234, 72.828347, 72.822574, 72.819687, 19.221141, 19.226141, 19.226141, 19.221141, 19.216141, 3918807, 1853),
(72.819687, 19.211141, 72.822574, 19.206141, 72.828347, 72.831234, 72.828347, 72.822574, 72.819687, 19.211141, 19.216141, 19.216141, 19.211141, 19.206141, 3690763, 1854),
(72.819687, 19.201141, 72.822574, 19.196141, 72.828347, 72.831234, 72.828347, 72.822574, 72.819687, 19.201141, 19.206141, 19.206141, 19.201141, 19.196141, 2188619, 1855),
(72.819687, 19.191141, 72.822574, 19.186141, 72.828347, 72.831234, 72.828347, 72.822574, 72.819687, 19.191141, 19.196141, 19.196141, 19.191141, 19.186141, 3986132, 1856),
(72.819687, 19.151141, 72.822574, 19.146141, 72.828347, 72.831234, 72.828347, 72.822574, 72.819687, 19.151141, 19.156141, 19.156141, 19.151141, 19.146141, 3258310, 1857),
(72.819687, 19.141141, 72.822574, 19.136141, 72.828347, 72.831234, 72.828347, 72.822574, 72.819687, 19.141141, 19.146141, 19.146141, 19.141141, 19.136141, 3811621, 1858),
(72.819687, 19.131141, 72.822574, 19.126141, 72.828347, 72.831234, 72.828347, 72.822574, 72.819687, 19.131141, 19.136141, 19.136141, 19.131141, 19.126141, 4282320, 1859),
(72.819687, 19.121141, 72.822574, 19.116141, 72.828347, 72.831234, 72.828347, 72.822574, 72.819687, 19.121141, 19.126141, 19.126141, 19.121141, 19.116141, 2125674, 1860),
(72.819687, 19.111141, 72.822574, 19.106141, 72.828347, 72.831234, 72.828347, 72.822574, 72.819687, 19.111141, 19.116141, 19.116141, 19.111141, 19.106141, 2040276, 1861),
(72.819687, 19.101141, 72.822574, 19.096141, 72.828347, 72.831234, 72.828347, 72.822574, 72.819687, 19.101141, 19.106141, 19.106141, 19.101141, 19.096141, 2688215, 1862),
(72.819687, 19.091141, 72.822574, 19.086141, 72.828347, 72.831234, 72.828347, 72.822574, 72.819687, 19.091141, 19.096141, 19.096141, 19.091141, 19.086141, 3060468, 1863),
(72.819687, 19.081141, 72.822574, 19.076141, 72.828347, 72.831234, 72.828347, 72.822574, 72.819687, 19.081141, 19.086141, 19.086141, 19.081141, 19.076141, 4326169, 1864),
(72.819687, 19.071141, 72.822574, 19.066141, 72.828347, 72.831234, 72.828347, 72.822574, 72.819687, 19.071141, 19.076141, 19.076141, 19.071141, 19.066141, 4193148, 1865),
(72.819687, 19.061141, 72.822574, 19.056141, 72.828347, 72.831234, 72.828347, 72.822574, 72.819687, 19.061141, 19.066141, 19.066141, 19.061141, 19.056141, 3367801, 1866),
(72.819687, 19.051141, 72.822574, 19.046141, 72.828347, 72.831234, 72.828347, 72.822574, 72.819687, 19.051141, 19.056141, 19.056141, 19.051141, 19.046141, 2841508, 1867),
(72.819687, 19.041141, 72.822574, 19.036141, 72.828347, 72.831234, 72.828347, 72.822574, 72.819687, 19.041141, 19.046141, 19.046141, 19.041141, 19.036141, 3544172, 1868),
(72.819687, 19.011141, 72.822574, 19.006141, 72.828347, 72.831234, 72.828347, 72.822574, 72.819687, 19.011141, 19.016141, 19.016141, 19.011141, 19.006141, 2656474, 1869),
(72.819687, 19.001141, 72.822574, 18.996141, 72.828347, 72.831234, 72.828347, 72.822574, 72.819687, 19.001141, 19.006141, 19.006141, 19.001141, 18.996141, 2534011, 1870),
(72.819687, 18.991141, 72.822574, 18.986141, 72.828347, 72.831234, 72.828347, 72.822574, 72.819687, 18.991141, 18.996141, 18.996141, 18.991141, 18.986141, 2891488, 1871),
(72.819687, 18.981141, 72.822574, 18.976141, 72.828347, 72.831234, 72.828347, 72.822574, 72.819687, 18.981141, 18.986141, 18.986141, 18.981141, 18.976141, 2639378, 1872),
(72.819687, 18.971141, 72.822574, 18.966141, 72.828347, 72.831234, 72.828347, 72.822574, 72.819687, 18.971141, 18.976141, 18.976141, 18.971141, 18.966141, 2856470, 1873),
(72.819687, 18.961141, 72.822574, 18.956141, 72.828347, 72.831234, 72.828347, 72.822574, 72.819687, 18.961141, 18.966141, 18.966141, 18.961141, 18.956141, 3463583, 1874),
(72.819687, 18.951141, 72.822574, 18.946141, 72.828347, 72.831234, 72.828347, 72.822574, 72.819687, 18.951141, 18.956141, 18.956141, 18.951141, 18.946141, 3960238, 1875),
(72.819687, 18.941141, 72.822574, 18.936141, 72.828347, 72.831234, 72.828347, 72.822574, 72.819687, 18.941141, 18.946141, 18.946141, 18.941141, 18.936141, 3776878, 1876),
(72.819687, 18.931141, 72.822574, 18.926141, 72.828347, 72.831234, 72.828347, 72.822574, 72.819687, 18.931141, 18.936141, 18.936141, 18.931141, 18.926141, 2073797, 1877),
(72.819687, 18.921141, 72.822574, 18.916141, 72.828347, 72.831234, 72.828347, 72.822574, 72.819687, 18.921141, 18.926141, 18.926141, 18.921141, 18.916141, 3844071, 1878),
(72.819687, 18.911141, 72.822574, 18.906141, 72.828347, 72.831234, 72.828347, 72.822574, 72.819687, 18.911141, 18.916141, 18.916141, 18.911141, 18.906141, 2583557, 1879),
(72.828347, 19.236141, 72.831234, 19.231141, 72.837007, 72.839894, 72.837007, 72.831234, 72.828347, 19.236141, 19.241141, 19.241141, 19.236141, 19.231141, 2338261, 1880),
(72.828347, 19.216141, 72.831234, 19.211141, 72.837007, 72.839894, 72.837007, 72.831234, 72.828347, 19.216141, 19.221141, 19.221141, 19.216141, 19.211141, 3748569, 1881),
(72.828347, 19.206141, 72.831234, 19.201141, 72.837007, 72.839894, 72.837007, 72.831234, 72.828347, 19.206141, 19.211141, 19.211141, 19.206141, 19.201141, 3479246, 1882),
(72.828347, 19.196141, 72.831234, 19.191141, 72.837007, 72.839894, 72.837007, 72.831234, 72.828347, 19.196141, 19.201141, 19.201141, 19.196141, 19.191141, 3206552, 1883),
(72.828347, 19.186141, 72.831234, 19.181141, 72.837007, 72.839894, 72.837007, 72.831234, 72.828347, 19.186141, 19.191141, 19.191141, 19.186141, 19.181141, 2989482, 1884),
(72.828347, 19.176141, 72.831234, 19.171141, 72.837007, 72.839894, 72.837007, 72.831234, 72.828347, 19.176141, 19.181141, 19.181141, 19.176141, 19.171141, 4076414, 1885),
(72.828347, 19.166141, 72.831234, 19.161141, 72.837007, 72.839894, 72.837007, 72.831234, 72.828347, 19.166141, 19.171141, 19.171141, 19.166141, 19.161141, 2849862, 1886),
(72.828347, 19.156141, 72.831234, 19.151141, 72.837007, 72.839894, 72.837007, 72.831234, 72.828347, 19.156141, 19.161141, 19.161141, 19.156141, 19.151141, 2347428, 1887),
(72.828347, 19.146141, 72.831234, 19.141141, 72.837007, 72.839894, 72.837007, 72.831234, 72.828347, 19.146141, 19.151141, 19.151141, 19.146141, 19.141141, 2801869, 1888),
(72.828347, 19.136141, 72.831234, 19.131141, 72.837007, 72.839894, 72.837007, 72.831234, 72.828347, 19.136141, 19.141141, 19.141141, 19.136141, 19.131141, 3250847, 1889),
(72.828347, 19.126141, 72.831234, 19.121141, 72.837007, 72.839894, 72.837007, 72.831234, 72.828347, 19.126141, 19.131141, 19.131141, 19.126141, 19.121141, 3877689, 1890),
(72.828347, 19.116141, 72.831234, 19.111141, 72.837007, 72.839894, 72.837007, 72.831234, 72.828347, 19.116141, 19.121141, 19.121141, 19.116141, 19.111141, 3944523, 1891),
(72.828347, 19.106141, 72.831234, 19.101141, 72.837007, 72.839894, 72.837007, 72.831234, 72.828347, 19.106141, 19.111141, 19.111141, 19.106141, 19.101141, 3801544, 1892),
(72.828347, 19.096141, 72.831234, 19.091141, 72.837007, 72.839894, 72.837007, 72.831234, 72.828347, 19.096141, 19.101141, 19.101141, 19.096141, 19.091141, 4409096, 1893),
(72.828347, 19.086141, 72.831234, 19.081141, 72.837007, 72.839894, 72.837007, 72.831234, 72.828347, 19.086141, 19.091141, 19.091141, 19.086141, 19.081141, 3618027, 1894),
(72.828347, 19.076141, 72.831234, 19.071141, 72.837007, 72.839894, 72.837007, 72.831234, 72.828347, 19.076141, 19.081141, 19.081141, 19.076141, 19.071141, 2202333, 1895),
(72.828347, 19.066141, 72.831234, 19.061141, 72.837007, 72.839894, 72.837007, 72.831234, 72.828347, 19.066141, 19.071141, 19.071141, 19.066141, 19.061141, 2974337, 1896),
(72.828347, 19.056141, 72.831234, 19.051141, 72.837007, 72.839894, 72.837007, 72.831234, 72.828347, 19.056141, 19.061141, 19.061141, 19.056141, 19.051141, 4442344, 1897),
(72.828347, 19.046141, 72.831234, 19.041141, 72.837007, 72.839894, 72.837007, 72.831234, 72.828347, 19.046141, 19.051141, 19.051141, 19.046141, 19.041141, 2698259, 1898),
(72.828347, 19.036141, 72.831234, 19.031141, 72.837007, 72.839894, 72.837007, 72.831234, 72.828347, 19.036141, 19.041141, 19.041141, 19.036141, 19.031141, 2522239, 1899),
(72.828347, 19.026141, 72.831234, 19.021141, 72.837007, 72.839894, 72.837007, 72.831234, 72.828347, 19.026141, 19.031141, 19.031141, 19.026141, 19.021141, 2542161, 1900),
(72.828347, 19.016141, 72.831234, 19.011141, 72.837007, 72.839894, 72.837007, 72.831234, 72.828347, 19.016141, 19.021141, 19.021141, 19.016141, 19.011141, 3329262, 1901),
(72.828347, 19.006141, 72.831234, 19.001141, 72.837007, 72.839894, 72.837007, 72.831234, 72.828347, 19.006141, 19.011141, 19.011141, 19.006141, 19.001141, 3946958, 1902),
(72.828347, 18.996141, 72.831234, 18.991141, 72.837007, 72.839894, 72.837007, 72.831234, 72.828347, 18.996141, 19.001141, 19.001141, 18.996141, 18.991141, 2382343, 1903),
(72.828347, 18.986141, 72.831234, 18.981141, 72.837007, 72.839894, 72.837007, 72.831234, 72.828347, 18.986141, 18.991141, 18.991141, 18.986141, 18.981141, 3469356, 1904),
(72.828347, 18.976141, 72.831234, 18.971141, 72.837007, 72.839894, 72.837007, 72.831234, 72.828347, 18.976141, 18.981141, 18.981141, 18.976141, 18.971141, 4125922, 1905),
(72.828347, 18.966141, 72.831234, 18.961141, 72.837007, 72.839894, 72.837007, 72.831234, 72.828347, 18.966141, 18.971141, 18.971141, 18.966141, 18.961141, 3346794, 1906),
(72.828347, 18.956141, 72.831234, 18.951141, 72.837007, 72.839894, 72.837007, 72.831234, 72.828347, 18.956141, 18.961141, 18.961141, 18.956141, 18.951141, 3345443, 1907),
(72.828347, 18.946141, 72.831234, 18.941141, 72.837007, 72.839894, 72.837007, 72.831234, 72.828347, 18.946141, 18.951141, 18.951141, 18.946141, 18.941141, 3810317, 1908),
(72.828347, 18.936141, 72.831234, 18.931141, 72.837007, 72.839894, 72.837007, 72.831234, 72.828347, 18.936141, 18.941141, 18.941141, 18.936141, 18.931141, 2221790, 1909),
(72.828347, 18.926141, 72.831234, 18.921141, 72.837007, 72.839894, 72.837007, 72.831234, 72.828347, 18.926141, 18.931141, 18.931141, 18.926141, 18.921141, 3772287, 1910),
(72.837007, 19.251141, 72.839894, 19.246141, 72.845668, 72.848554, 72.845668, 72.839894, 72.837007, 19.251141, 19.256141, 19.256141, 19.251141, 19.246141, 2996290, 1911),
(72.837007, 19.241141, 72.839894, 19.236141, 72.845668, 72.848554, 72.845668, 72.839894, 72.837007, 19.241141, 19.246141, 19.246141, 19.241141, 19.236141, 2180818, 1912),
(72.837007, 19.231141, 72.839894, 19.226141, 72.845668, 72.848554, 72.845668, 72.839894, 72.837007, 19.231141, 19.236141, 19.236141, 19.231141, 19.226141, 2017283, 1913),
(72.837007, 19.221141, 72.839894, 19.216141, 72.845668, 72.848554, 72.845668, 72.839894, 72.837007, 19.221141, 19.226141, 19.226141, 19.221141, 19.216141, 4484897, 1914),
(72.837007, 19.211141, 72.839894, 19.206141, 72.845668, 72.848554, 72.845668, 72.839894, 72.837007, 19.211141, 19.216141, 19.216141, 19.211141, 19.206141, 2946571, 1915),
(72.837007, 19.201141, 72.839894, 19.196141, 72.845668, 72.848554, 72.845668, 72.839894, 72.837007, 19.201141, 19.206141, 19.206141, 19.201141, 19.196141, 2469905, 1916),
(72.837007, 19.191141, 72.839894, 19.186141, 72.845668, 72.848554, 72.845668, 72.839894, 72.837007, 19.191141, 19.196141, 19.196141, 19.191141, 19.186141, 2628513, 1917),
(72.837007, 19.181141, 72.839894, 19.176141, 72.845668, 72.848554, 72.845668, 72.839894, 72.837007, 19.181141, 19.186141, 19.186141, 19.181141, 19.176141, 3434150, 1918),
(72.837007, 19.171141, 72.839894, 19.166141, 72.845668, 72.848554, 72.845668, 72.839894, 72.837007, 19.171141, 19.176141, 19.176141, 19.171141, 19.166141, 3217233, 1919),
(72.837007, 19.161141, 72.839894, 19.156141, 72.845668, 72.848554, 72.845668, 72.839894, 72.837007, 19.161141, 19.166141, 19.166141, 19.161141, 19.156141, 2929400, 1920),
(72.837007, 19.151141, 72.839894, 19.146141, 72.845668, 72.848554, 72.845668, 72.839894, 72.837007, 19.151141, 19.156141, 19.156141, 19.151141, 19.146141, 3092462, 1921),
(72.837007, 19.141141, 72.839894, 19.136141, 72.845668, 72.848554, 72.845668, 72.839894, 72.837007, 19.141141, 19.146141, 19.146141, 19.141141, 19.136141, 2803404, 1922),
(72.837007, 19.131141, 72.839894, 19.126141, 72.845668, 72.848554, 72.845668, 72.839894, 72.837007, 19.131141, 19.136141, 19.136141, 19.131141, 19.126141, 4490062, 1923),
(72.837007, 19.121141, 72.839894, 19.116141, 72.845668, 72.848554, 72.845668, 72.839894, 72.837007, 19.121141, 19.126141, 19.126141, 19.121141, 19.116141, 3014177, 1924),
(72.837007, 19.111141, 72.839894, 19.106141, 72.845668, 72.848554, 72.845668, 72.839894, 72.837007, 19.111141, 19.116141, 19.116141, 19.111141, 19.106141, 4458505, 1925),
(72.837007, 19.101141, 72.839894, 19.096141, 72.845668, 72.848554, 72.845668, 72.839894, 72.837007, 19.101141, 19.106141, 19.106141, 19.101141, 19.096141, 2316079, 1926),
(72.837007, 19.091141, 72.839894, 19.086141, 72.845668, 72.848554, 72.845668, 72.839894, 72.837007, 19.091141, 19.096141, 19.096141, 19.091141, 19.086141, 3148536, 1927),
(72.837007, 19.081141, 72.839894, 19.076141, 72.845668, 72.848554, 72.845668, 72.839894, 72.837007, 19.081141, 19.086141, 19.086141, 19.081141, 19.076141, 3877974, 1928),
(72.837007, 19.071141, 72.839894, 19.066141, 72.845668, 72.848554, 72.845668, 72.839894, 72.837007, 19.071141, 19.076141, 19.076141, 19.071141, 19.066141, 3515803, 1929),
(72.837007, 19.061141, 72.839894, 19.056141, 72.845668, 72.848554, 72.845668, 72.839894, 72.837007, 19.061141, 19.066141, 19.066141, 19.061141, 19.056141, 3386147, 1930),
(72.837007, 19.051141, 72.839894, 19.046141, 72.845668, 72.848554, 72.845668, 72.839894, 72.837007, 19.051141, 19.056141, 19.056141, 19.051141, 19.046141, 4232530, 1931),
(72.837007, 19.041141, 72.839894, 19.036141, 72.845668, 72.848554, 72.845668, 72.839894, 72.837007, 19.041141, 19.046141, 19.046141, 19.041141, 19.036141, 4110639, 1932),
(72.837007, 19.031141, 72.839894, 19.026141, 72.845668, 72.848554, 72.845668, 72.839894, 72.837007, 19.031141, 19.036141, 19.036141, 19.031141, 19.026141, 4313174, 1933),
(72.837007, 19.021141, 72.839894, 19.016141, 72.845668, 72.848554, 72.845668, 72.839894, 72.837007, 19.021141, 19.026141, 19.026141, 19.021141, 19.016141, 2086003, 1934),
(72.837007, 19.011141, 72.839894, 19.006141, 72.845668, 72.848554, 72.845668, 72.839894, 72.837007, 19.011141, 19.016141, 19.016141, 19.011141, 19.006141, 3677549, 1935),
(72.837007, 19.001141, 72.839894, 18.996141, 72.845668, 72.848554, 72.845668, 72.839894, 72.837007, 19.001141, 19.006141, 19.006141, 19.001141, 18.996141, 4161787, 1936),
(72.837007, 18.991141, 72.839894, 18.986141, 72.845668, 72.848554, 72.845668, 72.839894, 72.837007, 18.991141, 18.996141, 18.996141, 18.991141, 18.986141, 2184290, 1937),
(72.837007, 18.981141, 72.839894, 18.976141, 72.845668, 72.848554, 72.845668, 72.839894, 72.837007, 18.981141, 18.986141, 18.986141, 18.981141, 18.976141, 3520863, 1938),
(72.837007, 18.971141, 72.839894, 18.966141, 72.845668, 72.848554, 72.845668, 72.839894, 72.837007, 18.971141, 18.976141, 18.976141, 18.971141, 18.966141, 3910972, 1939),
(72.837007, 18.961141, 72.839894, 18.956141, 72.845668, 72.848554, 72.845668, 72.839894, 72.837007, 18.961141, 18.966141, 18.966141, 18.961141, 18.956141, 3059035, 1940),
(72.837007, 18.951141, 72.839894, 18.946141, 72.845668, 72.848554, 72.845668, 72.839894, 72.837007, 18.951141, 18.956141, 18.956141, 18.951141, 18.946141, 3220502, 1941),
(72.837007, 18.941141, 72.839894, 18.936141, 72.845668, 72.848554, 72.845668, 72.839894, 72.837007, 18.941141, 18.946141, 18.946141, 18.941141, 18.936141, 2916812, 1942),
(72.845668, 19.256141, 72.848554, 19.251141, 72.854328, 72.857215, 72.854328, 72.848554, 72.845668, 19.256141, 19.261141, 19.261141, 19.256141, 19.251141, 2858804, 1943),
(72.845668, 19.246141, 72.848554, 19.241141, 72.854328, 72.857215, 72.854328, 72.848554, 72.845668, 19.246141, 19.251141, 19.251141, 19.246141, 19.241141, 3109893, 1944),
(72.845668, 19.236141, 72.848554, 19.231141, 72.854328, 72.857215, 72.854328, 72.848554, 72.845668, 19.236141, 19.241141, 19.241141, 19.236141, 19.231141, 3763114, 1945),
(72.845668, 19.226141, 72.848554, 19.221141, 72.854328, 72.857215, 72.854328, 72.848554, 72.845668, 19.226141, 19.231141, 19.231141, 19.226141, 19.221141, 3830698, 1946),
(72.845668, 19.216141, 72.848554, 19.211141, 72.854328, 72.857215, 72.854328, 72.848554, 72.845668, 19.216141, 19.221141, 19.221141, 19.216141, 19.211141, 3769028, 1947),
(72.845668, 19.206141, 72.848554, 19.201141, 72.854328, 72.857215, 72.854328, 72.848554, 72.845668, 19.206141, 19.211141, 19.211141, 19.206141, 19.201141, 3602362, 1948),
(72.845668, 19.196141, 72.848554, 19.191141, 72.854328, 72.857215, 72.854328, 72.848554, 72.845668, 19.196141, 19.201141, 19.201141, 19.196141, 19.191141, 4016742, 1949),
(72.845668, 19.186141, 72.848554, 19.181141, 72.854328, 72.857215, 72.854328, 72.848554, 72.845668, 19.186141, 19.191141, 19.191141, 19.186141, 19.181141, 3300721, 1950),
(72.845668, 19.176141, 72.848554, 19.171141, 72.854328, 72.857215, 72.854328, 72.848554, 72.845668, 19.176141, 19.181141, 19.181141, 19.176141, 19.171141, 4186454, 1951),
(72.845668, 19.166141, 72.848554, 19.161141, 72.854328, 72.857215, 72.854328, 72.848554, 72.845668, 19.166141, 19.171141, 19.171141, 19.166141, 19.161141, 2527016, 1952),
(72.845668, 19.156141, 72.848554, 19.151141, 72.854328, 72.857215, 72.854328, 72.848554, 72.845668, 19.156141, 19.161141, 19.161141, 19.156141, 19.151141, 3255230, 1953),
(72.845668, 19.146141, 72.848554, 19.141141, 72.854328, 72.857215, 72.854328, 72.848554, 72.845668, 19.146141, 19.151141, 19.151141, 19.146141, 19.141141, 4283607, 1954),
(72.845668, 19.136141, 72.848554, 19.131141, 72.854328, 72.857215, 72.854328, 72.848554, 72.845668, 19.136141, 19.141141, 19.141141, 19.136141, 19.131141, 3211548, 1955),
(72.845668, 19.126141, 72.848554, 19.121141, 72.854328, 72.857215, 72.854328, 72.848554, 72.845668, 19.126141, 19.131141, 19.131141, 19.126141, 19.121141, 2018716, 1956),
(72.845668, 19.116141, 72.848554, 19.111141, 72.854328, 72.857215, 72.854328, 72.848554, 72.845668, 19.116141, 19.121141, 19.121141, 19.116141, 19.111141, 2694495, 1957),
(72.845668, 19.106141, 72.848554, 19.101141, 72.854328, 72.857215, 72.854328, 72.848554, 72.845668, 19.106141, 19.111141, 19.111141, 19.106141, 19.101141, 2670152, 1958),
(72.845668, 19.096141, 72.848554, 19.091141, 72.854328, 72.857215, 72.854328, 72.848554, 72.845668, 19.096141, 19.101141, 19.101141, 19.096141, 19.091141, 4473684, 1959),
(72.845668, 19.086141, 72.848554, 19.081141, 72.854328, 72.857215, 72.854328, 72.848554, 72.845668, 19.086141, 19.091141, 19.091141, 19.086141, 19.081141, 3714977, 1960),
(72.845668, 19.076141, 72.848554, 19.071141, 72.854328, 72.857215, 72.854328, 72.848554, 72.845668, 19.076141, 19.081141, 19.081141, 19.076141, 19.071141, 4395311, 1961),
(72.845668, 19.066141, 72.848554, 19.061141, 72.854328, 72.857215, 72.854328, 72.848554, 72.845668, 19.066141, 19.071141, 19.071141, 19.066141, 19.061141, 4297339, 1962),
(72.845668, 19.056141, 72.848554, 19.051141, 72.854328, 72.857215, 72.854328, 72.848554, 72.845668, 19.056141, 19.061141, 19.061141, 19.056141, 19.051141, 4345703, 1963),
(72.845668, 19.046141, 72.848554, 19.041141, 72.854328, 72.857215, 72.854328, 72.848554, 72.845668, 19.046141, 19.051141, 19.051141, 19.046141, 19.041141, 3274254, 1964),
(72.845668, 19.036141, 72.848554, 19.031141, 72.854328, 72.857215, 72.854328, 72.848554, 72.845668, 19.036141, 19.041141, 19.041141, 19.036141, 19.031141, 3148212, 1965),
(72.845668, 19.026141, 72.848554, 19.021141, 72.854328, 72.857215, 72.854328, 72.848554, 72.845668, 19.026141, 19.031141, 19.031141, 19.026141, 19.021141, 2622047, 1966),
(72.845668, 19.016141, 72.848554, 19.011141, 72.854328, 72.857215, 72.854328, 72.848554, 72.845668, 19.016141, 19.021141, 19.021141, 19.016141, 19.011141, 3032772, 1967),
(72.845668, 19.006141, 72.848554, 19.001141, 72.854328, 72.857215, 72.854328, 72.848554, 72.845668, 19.006141, 19.011141, 19.011141, 19.006141, 19.001141, 4494428, 1968),
(72.845668, 18.996141, 72.848554, 18.991141, 72.854328, 72.857215, 72.854328, 72.848554, 72.845668, 18.996141, 19.001141, 19.001141, 18.996141, 18.991141, 4025663, 1969),
(72.854328, 19.251141, 72.857215, 19.246141, 72.862988, 72.865875, 72.862988, 72.857215, 72.854328, 19.251141, 19.256141, 19.256141, 19.251141, 19.246141, 4367566, 1970),
(72.854328, 19.241141, 72.857215, 19.236141, 72.862988, 72.865875, 72.862988, 72.857215, 72.854328, 19.241141, 19.246141, 19.246141, 19.241141, 19.236141, 4472828, 1971),
(72.854328, 19.231141, 72.857215, 19.226141, 72.862988, 72.865875, 72.862988, 72.857215, 72.854328, 19.231141, 19.236141, 19.236141, 19.231141, 19.226141, 3464348, 1972),
(72.854328, 19.221141, 72.857215, 19.216141, 72.862988, 72.865875, 72.862988, 72.857215, 72.854328, 19.221141, 19.226141, 19.226141, 19.221141, 19.216141, 3490602, 1973),
(72.854328, 19.201141, 72.857215, 19.196141, 72.862988, 72.865875, 72.862988, 72.857215, 72.854328, 19.201141, 19.206141, 19.206141, 19.201141, 19.196141, 2269907, 1974),
(72.854328, 19.191141, 72.857215, 19.186141, 72.862988, 72.865875, 72.862988, 72.857215, 72.854328, 19.191141, 19.196141, 19.196141, 19.191141, 19.186141, 3452486, 1975),
(72.854328, 19.181141, 72.857215, 19.176141, 72.862988, 72.865875, 72.862988, 72.857215, 72.854328, 19.181141, 19.186141, 19.186141, 19.181141, 19.176141, 3270972, 1976),
(72.854328, 19.171141, 72.857215, 19.166141, 72.862988, 72.865875, 72.862988, 72.857215, 72.854328, 19.171141, 19.176141, 19.176141, 19.171141, 19.166141, 3536080, 1977),
(72.854328, 19.161141, 72.857215, 19.156141, 72.862988, 72.865875, 72.862988, 72.857215, 72.854328, 19.161141, 19.166141, 19.166141, 19.161141, 19.156141, 4049320, 1978),
(72.854328, 19.151141, 72.857215, 19.146141, 72.862988, 72.865875, 72.862988, 72.857215, 72.854328, 19.151141, 19.156141, 19.156141, 19.151141, 19.146141, 4385224, 1979),
(72.854328, 19.141141, 72.857215, 19.136141, 72.862988, 72.865875, 72.862988, 72.857215, 72.854328, 19.141141, 19.146141, 19.146141, 19.141141, 19.136141, 3013006, 1980),
(72.854328, 19.131141, 72.857215, 19.126141, 72.862988, 72.865875, 72.862988, 72.857215, 72.854328, 19.131141, 19.136141, 19.136141, 19.131141, 19.126141, 3429174, 1981),
(72.854328, 19.121141, 72.857215, 19.116141, 72.862988, 72.865875, 72.862988, 72.857215, 72.854328, 19.121141, 19.126141, 19.126141, 19.121141, 19.116141, 3649305, 1982),
(72.854328, 19.111141, 72.857215, 19.106141, 72.862988, 72.865875, 72.862988, 72.857215, 72.854328, 19.111141, 19.116141, 19.116141, 19.111141, 19.106141, 2068693, 1983),
(72.854328, 19.101141, 72.857215, 19.096141, 72.862988, 72.865875, 72.862988, 72.857215, 72.854328, 19.101141, 19.106141, 19.106141, 19.101141, 19.096141, 2281155, 1984),
(72.854328, 19.081141, 72.857215, 19.076141, 72.862988, 72.865875, 72.862988, 72.857215, 72.854328, 19.081141, 19.086141, 19.086141, 19.081141, 19.076141, 4047168, 1985),
(72.854328, 19.071141, 72.857215, 19.066141, 72.862988, 72.865875, 72.862988, 72.857215, 72.854328, 19.071141, 19.076141, 19.076141, 19.071141, 19.066141, 3007770, 1986),
(72.854328, 19.061141, 72.857215, 19.056141, 72.862988, 72.865875, 72.862988, 72.857215, 72.854328, 19.061141, 19.066141, 19.066141, 19.061141, 19.056141, 3293011, 1987),
(72.854328, 19.051141, 72.857215, 19.046141, 72.862988, 72.865875, 72.862988, 72.857215, 72.854328, 19.051141, 19.056141, 19.056141, 19.051141, 19.046141, 3387553, 1988),
(72.854328, 19.041141, 72.857215, 19.036141, 72.862988, 72.865875, 72.862988, 72.857215, 72.854328, 19.041141, 19.046141, 19.046141, 19.041141, 19.036141, 4106951, 1989),
(72.854328, 19.031141, 72.857215, 19.026141, 72.862988, 72.865875, 72.862988, 72.857215, 72.854328, 19.031141, 19.036141, 19.036141, 19.031141, 19.026141, 2103803, 1990),
(72.854328, 19.021141, 72.857215, 19.016141, 72.862988, 72.865875, 72.862988, 72.857215, 72.854328, 19.021141, 19.026141, 19.026141, 19.021141, 19.016141, 4191058, 1991),
(72.854328, 19.011141, 72.857215, 19.006141, 72.862988, 72.865875, 72.862988, 72.857215, 72.854328, 19.011141, 19.016141, 19.016141, 19.011141, 19.006141, 2839245, 1992),
(72.862988, 19.256141, 72.865875, 19.251141, 72.871648, 72.874535, 72.871648, 72.865875, 72.862988, 19.256141, 19.261141, 19.261141, 19.256141, 19.251141, 2575976, 1993),
(72.862988, 19.246141, 72.865875, 19.241141, 72.871648, 72.874535, 72.871648, 72.865875, 72.862988, 19.246141, 19.251141, 19.251141, 19.246141, 19.241141, 2348694, 1994),
(72.862988, 19.236141, 72.865875, 19.231141, 72.871648, 72.874535, 72.871648, 72.865875, 72.862988, 19.236141, 19.241141, 19.241141, 19.236141, 19.231141, 3794495, 1995),
(72.862988, 19.226141, 72.865875, 19.221141, 72.871648, 72.874535, 72.871648, 72.865875, 72.862988, 19.226141, 19.231141, 19.231141, 19.226141, 19.221141, 2541630, 1996),
(72.862988, 19.216141, 72.865875, 19.211141, 72.871648, 72.874535, 72.871648, 72.865875, 72.862988, 19.216141, 19.221141, 19.221141, 19.216141, 19.211141, 2404883, 1997),
(72.862988, 19.206141, 72.865875, 19.201141, 72.871648, 72.874535, 72.871648, 72.865875, 72.862988, 19.206141, 19.211141, 19.211141, 19.206141, 19.201141, 4473798, 1998),
(72.862988, 19.196141, 72.865875, 19.191141, 72.871648, 72.874535, 72.871648, 72.865875, 72.862988, 19.196141, 19.201141, 19.201141, 19.196141, 19.191141, 2418606, 1999),
(72.862988, 19.176141, 72.865875, 19.171141, 72.871648, 72.874535, 72.871648, 72.865875, 72.862988, 19.176141, 19.181141, 19.181141, 19.176141, 19.171141, 4373996, 2000),
(72.862988, 19.136141, 72.865875, 19.131141, 72.871648, 72.874535, 72.871648, 72.865875, 72.862988, 19.136141, 19.141141, 19.141141, 19.136141, 19.131141, 2577826, 2001),
(72.862988, 19.126141, 72.865875, 19.121141, 72.871648, 72.874535, 72.871648, 72.865875, 72.862988, 19.126141, 19.131141, 19.131141, 19.126141, 19.121141, 2061776, 2002),
(72.862988, 19.116141, 72.865875, 19.111141, 72.871648, 72.874535, 72.871648, 72.865875, 72.862988, 19.116141, 19.121141, 19.121141, 19.116141, 19.111141, 2487799, 2003),
(72.862988, 19.106141, 72.865875, 19.101141, 72.871648, 72.874535, 72.871648, 72.865875, 72.862988, 19.106141, 19.111141, 19.111141, 19.106141, 19.101141, 2452159, 2004),
(72.862988, 19.096141, 72.865875, 19.091141, 72.871648, 72.874535, 72.871648, 72.865875, 72.862988, 19.096141, 19.101141, 19.101141, 19.096141, 19.091141, 4178344, 2005),
(72.862988, 19.086141, 72.865875, 19.081141, 72.871648, 72.874535, 72.871648, 72.865875, 72.862988, 19.086141, 19.091141, 19.091141, 19.086141, 19.081141, 3940710, 2006),
(72.862988, 19.076141, 72.865875, 19.071141, 72.871648, 72.874535, 72.871648, 72.865875, 72.862988, 19.076141, 19.081141, 19.081141, 19.076141, 19.071141, 3835412, 2007),
(72.862988, 19.066141, 72.865875, 19.061141, 72.871648, 72.874535, 72.871648, 72.865875, 72.862988, 19.066141, 19.071141, 19.071141, 19.066141, 19.061141, 2906569, 2008),
(72.862988, 19.056141, 72.865875, 19.051141, 72.871648, 72.874535, 72.871648, 72.865875, 72.862988, 19.056141, 19.061141, 19.061141, 19.056141, 19.051141, 3853475, 2009),
(72.862988, 19.046141, 72.865875, 19.041141, 72.871648, 72.874535, 72.871648, 72.865875, 72.862988, 19.046141, 19.051141, 19.051141, 19.046141, 19.041141, 3097224, 2010),
(72.862988, 19.026141, 72.865875, 19.021141, 72.871648, 72.874535, 72.871648, 72.865875, 72.862988, 19.026141, 19.031141, 19.031141, 19.026141, 19.021141, 4039322, 2011),
(72.862988, 19.016141, 72.865875, 19.011141, 72.871648, 72.874535, 72.871648, 72.865875, 72.862988, 19.016141, 19.021141, 19.021141, 19.016141, 19.011141, 2363467, 2012),
(72.871648, 19.211141, 72.874535, 19.206141, 72.880309, 72.883195, 72.880309, 72.874535, 72.871648, 19.211141, 19.216141, 19.216141, 19.211141, 19.206141, 3859648, 2013),
(72.871648, 19.201141, 72.874535, 19.196141, 72.880309, 72.883195, 72.880309, 72.874535, 72.871648, 19.201141, 19.206141, 19.206141, 19.201141, 19.196141, 3090097, 2014),
(72.871648, 19.171141, 72.874535, 19.166141, 72.880309, 72.883195, 72.880309, 72.874535, 72.871648, 19.171141, 19.176141, 19.176141, 19.171141, 19.166141, 2457335, 2015),
(72.871648, 19.131141, 72.874535, 19.126141, 72.880309, 72.883195, 72.880309, 72.874535, 72.871648, 19.131141, 19.136141, 19.136141, 19.131141, 19.126141, 4395967, 2016),
(72.871648, 19.121141, 72.874535, 19.116141, 72.880309, 72.883195, 72.880309, 72.874535, 72.871648, 19.121141, 19.126141, 19.126141, 19.121141, 19.116141, 4052896, 2017),
(72.871648, 19.111141, 72.874535, 19.106141, 72.880309, 72.883195, 72.880309, 72.874535, 72.871648, 19.111141, 19.116141, 19.116141, 19.111141, 19.106141, 2138018, 2018),
(72.871648, 19.101141, 72.874535, 19.096141, 72.880309, 72.883195, 72.880309, 72.874535, 72.871648, 19.101141, 19.106141, 19.106141, 19.101141, 19.096141, 2217974, 2019),
(72.871648, 19.081141, 72.874535, 19.076141, 72.880309, 72.883195, 72.880309, 72.874535, 72.871648, 19.081141, 19.086141, 19.086141, 19.081141, 19.076141, 3337085, 2020),
(72.871648, 19.071141, 72.874535, 19.066141, 72.880309, 72.883195, 72.880309, 72.874535, 72.871648, 19.071141, 19.076141, 19.076141, 19.071141, 19.066141, 2264518, 2021),
(72.871648, 19.061141, 72.874535, 19.056141, 72.880309, 72.883195, 72.880309, 72.874535, 72.871648, 19.061141, 19.066141, 19.066141, 19.061141, 19.056141, 2409958, 2022),
(72.871648, 19.051141, 72.874535, 19.046141, 72.880309, 72.883195, 72.880309, 72.874535, 72.871648, 19.051141, 19.056141, 19.056141, 19.051141, 19.046141, 3600437, 2023),
(72.880309, 19.126141, 72.883195, 19.121141, 72.888969, 72.891856, 72.888969, 72.883195, 72.880309, 19.126141, 19.131141, 19.131141, 19.126141, 19.121141, 3874089, 2024),
(72.880309, 19.116141, 72.883195, 19.111141, 72.888969, 72.891856, 72.888969, 72.883195, 72.880309, 19.116141, 19.121141, 19.121141, 19.116141, 19.111141, 4446855, 2025),
(72.880309, 19.106141, 72.883195, 19.101141, 72.888969, 72.891856, 72.888969, 72.883195, 72.880309, 19.106141, 19.111141, 19.111141, 19.106141, 19.101141, 3500823, 2026),
(72.880309, 19.096141, 72.883195, 19.091141, 72.888969, 72.891856, 72.888969, 72.883195, 72.880309, 19.096141, 19.101141, 19.101141, 19.096141, 19.091141, 2938633, 2027),
(72.880309, 19.086141, 72.883195, 19.081141, 72.888969, 72.891856, 72.888969, 72.883195, 72.880309, 19.086141, 19.091141, 19.091141, 19.086141, 19.081141, 2692149, 2028),
(72.880309, 19.066141, 72.883195, 19.061141, 72.888969, 72.891856, 72.888969, 72.883195, 72.880309, 19.066141, 19.071141, 19.071141, 19.066141, 19.061141, 3176094, 2029),
(72.880309, 19.056141, 72.883195, 19.051141, 72.888969, 72.891856, 72.888969, 72.883195, 72.880309, 19.056141, 19.061141, 19.061141, 19.056141, 19.051141, 4158887, 2030),
(72.888969, 19.121141, 72.891856, 19.116141, 72.897629, 72.900516, 72.897629, 72.891856, 72.888969, 19.121141, 19.126141, 19.126141, 19.121141, 19.116141, 2711986, 2031),
(72.888969, 19.091141, 72.891856, 19.086141, 72.897629, 72.900516, 72.897629, 72.891856, 72.888969, 19.091141, 19.096141, 19.096141, 19.091141, 19.086141, 2128574, 2032),
(72.888969, 19.081141, 72.891856, 19.076141, 72.897629, 72.900516, 72.897629, 72.891856, 72.888969, 19.081141, 19.086141, 19.086141, 19.081141, 19.076141, 2214125, 2033),
(72.888969, 19.061141, 72.891856, 19.056141, 72.897629, 72.900516, 72.897629, 72.891856, 72.888969, 19.061141, 19.066141, 19.066141, 19.061141, 19.056141, 2709270, 2034),
(72.888969, 19.051141, 72.891856, 19.046141, 72.897629, 72.900516, 72.897629, 72.891856, 72.888969, 19.051141, 19.056141, 19.056141, 19.051141, 19.046141, 2800016, 2035),
(72.888969, 19.041141, 72.891856, 19.036141, 72.897629, 72.900516, 72.897629, 72.891856, 72.888969, 19.041141, 19.046141, 19.046141, 19.041141, 19.036141, 4482761, 2036),
(72.888969, 19.031141, 72.891856, 19.026141, 72.897629, 72.900516, 72.897629, 72.891856, 72.888969, 19.031141, 19.036141, 19.036141, 19.031141, 19.026141, 2192371, 2037),
(72.897629, 19.116141, 72.900516, 19.111141, 72.906289, 72.909176, 72.906289, 72.900516, 72.897629, 19.116141, 19.121141, 19.121141, 19.116141, 19.111141, 3372805, 2038),
(72.897629, 19.086141, 72.900516, 19.081141, 72.906289, 72.909176, 72.906289, 72.900516, 72.897629, 19.086141, 19.091141, 19.091141, 19.086141, 19.081141, 2971472, 2039),
(72.897629, 19.076141, 72.900516, 19.071141, 72.906289, 72.909176, 72.906289, 72.900516, 72.897629, 19.076141, 19.081141, 19.081141, 19.076141, 19.071141, 3041762, 2040),
(72.897629, 19.066141, 72.900516, 19.061141, 72.906289, 72.909176, 72.906289, 72.900516, 72.897629, 19.066141, 19.071141, 19.071141, 19.066141, 19.061141, 3745549, 2041),
(72.897629, 19.056141, 72.900516, 19.051141, 72.906289, 72.909176, 72.906289, 72.900516, 72.897629, 19.056141, 19.061141, 19.061141, 19.056141, 19.051141, 3133739, 2042),
(72.897629, 19.046141, 72.900516, 19.041141, 72.906289, 72.909176, 72.906289, 72.900516, 72.897629, 19.046141, 19.051141, 19.051141, 19.046141, 19.041141, 3316213, 2043),
(72.906289, 19.121141, 72.909176, 19.116141, 72.914950, 72.917836, 72.914950, 72.909176, 72.906289, 19.121141, 19.126141, 19.126141, 19.121141, 19.116141, 2509337, 2044),
(72.906289, 19.091141, 72.909176, 19.086141, 72.914950, 72.917836, 72.914950, 72.909176, 72.906289, 19.091141, 19.096141, 19.096141, 19.091141, 19.086141, 3061549, 2045),
(72.906289, 19.081141, 72.909176, 19.076141, 72.914950, 72.917836, 72.914950, 72.909176, 72.906289, 19.081141, 19.086141, 19.086141, 19.081141, 19.076141, 3696605, 2046),
(72.906289, 19.071141, 72.909176, 19.066141, 72.914950, 72.917836, 72.914950, 72.909176, 72.906289, 19.071141, 19.076141, 19.076141, 19.071141, 19.066141, 3851532, 2047),
(72.906289, 19.061141, 72.909176, 19.056141, 72.914950, 72.917836, 72.914950, 72.909176, 72.906289, 19.061141, 19.066141, 19.066141, 19.061141, 19.056141, 4038855, 2048),
(72.906289, 19.051141, 72.909176, 19.046141, 72.914950, 72.917836, 72.914950, 72.909176, 72.906289, 19.051141, 19.056141, 19.056141, 19.051141, 19.046141, 4385440, 2049),
(72.906289, 19.041141, 72.909176, 19.036141, 72.914950, 72.917836, 72.914950, 72.909176, 72.906289, 19.041141, 19.046141, 19.046141, 19.041141, 19.036141, 2954297, 2050),
(72.914950, 19.126141, 72.917836, 19.121141, 72.923610, 72.926497, 72.923610, 72.917836, 72.914950, 19.126141, 19.131141, 19.131141, 19.126141, 19.121141, 3345350, 2051),
(72.914950, 19.106141, 72.917836, 19.101141, 72.923610, 72.926497, 72.923610, 72.917836, 72.914950, 19.106141, 19.111141, 19.111141, 19.106141, 19.101141, 3669061, 2052),
(72.914950, 19.096141, 72.917836, 19.091141, 72.923610, 72.926497, 72.923610, 72.917836, 72.914950, 19.096141, 19.101141, 19.101141, 19.096141, 19.091141, 3364527, 2053),
(72.914950, 19.086141, 72.917836, 19.081141, 72.923610, 72.926497, 72.923610, 72.917836, 72.914950, 19.086141, 19.091141, 19.091141, 19.086141, 19.081141, 2729867, 2054),
(72.914950, 19.046141, 72.917836, 19.041141, 72.923610, 72.926497, 72.923610, 72.917836, 72.914950, 19.046141, 19.051141, 19.051141, 19.046141, 19.041141, 2248862, 2055),
(72.923610, 19.141141, 72.926497, 19.136141, 72.932270, 72.935157, 72.932270, 72.926497, 72.923610, 19.141141, 19.146141, 19.146141, 19.141141, 19.136141, 2261213, 2056),
(72.923610, 19.131141, 72.926497, 19.126141, 72.932270, 72.935157, 72.932270, 72.926497, 72.923610, 19.131141, 19.136141, 19.136141, 19.131141, 19.126141, 3621808, 2057),
(72.923610, 19.121141, 72.926497, 19.116141, 72.932270, 72.935157, 72.932270, 72.926497, 72.923610, 19.121141, 19.126141, 19.126141, 19.121141, 19.116141, 3732280, 2058),
(72.923610, 19.111141, 72.926497, 19.106141, 72.932270, 72.935157, 72.932270, 72.926497, 72.923610, 19.111141, 19.116141, 19.116141, 19.111141, 19.106141, 2182656, 2059),
(72.923610, 19.101141, 72.926497, 19.096141, 72.932270, 72.935157, 72.932270, 72.926497, 72.923610, 19.101141, 19.106141, 19.106141, 19.101141, 19.096141, 2410292, 2060),
(72.923610, 19.091141, 72.926497, 19.086141, 72.932270, 72.935157, 72.932270, 72.926497, 72.923610, 19.091141, 19.096141, 19.096141, 19.091141, 19.086141, 4115559, 2061),
(72.923610, 19.051141, 72.926497, 19.046141, 72.932270, 72.935157, 72.932270, 72.926497, 72.923610, 19.051141, 19.056141, 19.056141, 19.051141, 19.046141, 4013186, 2062),
(72.932270, 19.166141, 72.935157, 19.161141, 72.940930, 72.943817, 72.940930, 72.935157, 72.932270, 19.166141, 19.171141, 19.171141, 19.166141, 19.161141, 3057299, 2063),
(72.932270, 19.156141, 72.935157, 19.151141, 72.940930, 72.943817, 72.940930, 72.935157, 72.932270, 19.156141, 19.161141, 19.161141, 19.156141, 19.151141, 2975910, 2064),
(72.932270, 19.146141, 72.935157, 19.141141, 72.940930, 72.943817, 72.940930, 72.935157, 72.932270, 19.146141, 19.151141, 19.151141, 19.146141, 19.141141, 3133916, 2065),
(72.932270, 19.126141, 72.935157, 19.121141, 72.940930, 72.943817, 72.940930, 72.935157, 72.932270, 19.126141, 19.131141, 19.131141, 19.126141, 19.121141, 2162598, 2066),
(72.932270, 19.116141, 72.935157, 19.111141, 72.940930, 72.943817, 72.940930, 72.935157, 72.932270, 19.116141, 19.121141, 19.121141, 19.116141, 19.111141, 2325823, 2067),
(72.932270, 19.056141, 72.935157, 19.051141, 72.940930, 72.943817, 72.940930, 72.935157, 72.932270, 19.056141, 19.061141, 19.061141, 19.056141, 19.051141, 2666491, 2068),
(72.940930, 19.181141, 72.943817, 19.176141, 72.949591, 72.952477, 72.949591, 72.943817, 72.940930, 19.181141, 19.186141, 19.186141, 19.181141, 19.176141, 2171663, 2069),
(72.940930, 19.171141, 72.943817, 19.166141, 72.949591, 72.952477, 72.949591, 72.943817, 72.940930, 19.171141, 19.176141, 19.176141, 19.171141, 19.166141, 3054359, 2070),
(72.940930, 19.161141, 72.943817, 19.156141, 72.949591, 72.952477, 72.949591, 72.943817, 72.940930, 19.161141, 19.166141, 19.166141, 19.161141, 19.156141, 2454701, 2071),
(72.940930, 19.141141, 72.943817, 19.136141, 72.949591, 72.952477, 72.949591, 72.943817, 72.940930, 19.141141, 19.146141, 19.146141, 19.141141, 19.136141, 3849718, 2072),
(72.940930, 19.131141, 72.943817, 19.126141, 72.949591, 72.952477, 72.949591, 72.943817, 72.940930, 19.131141, 19.136141, 19.136141, 19.131141, 19.126141, 2335180, 2073),
(72.949591, 19.186141, 72.952477, 19.181141, 72.958251, 72.961138, 72.958251, 72.952477, 72.949591, 19.186141, 19.191141, 19.191141, 19.186141, 19.181141, 3540125, 2074),
(72.949591, 19.176141, 72.952477, 19.171141, 72.958251, 72.961138, 72.958251, 72.952477, 72.949591, 19.176141, 19.181141, 19.181141, 19.176141, 19.171141, 3168656, 2075),
(72.949591, 19.166141, 72.952477, 19.161141, 72.958251, 72.961138, 72.958251, 72.952477, 72.949591, 19.166141, 19.171141, 19.171141, 19.166141, 19.161141, 2906909, 2076),
(72.949591, 19.156141, 72.952477, 19.151141, 72.958251, 72.961138, 72.958251, 72.952477, 72.949591, 19.156141, 19.161141, 19.161141, 19.156141, 19.151141, 3119502, 2077),
(72.949591, 19.146141, 72.952477, 19.141141, 72.958251, 72.961138, 72.958251, 72.952477, 72.949591, 19.146141, 19.151141, 19.151141, 19.146141, 19.141141, 3612071, 2078),
(72.958251, 19.171141, 72.961138, 19.166141, 72.966911, 72.969798, 72.966911, 72.961138, 72.958251, 19.171141, 19.176141, 19.176141, 19.171141, 19.166141, 2418095, 2079),
(72.958251, 19.161141, 72.961138, 19.156141, 72.966911, 72.969798, 72.966911, 72.961138, 72.958251, 19.161141, 19.166141, 19.166141, 19.161141, 19.156141, 3397087, 2080);

-- --------------------------------------------------------

--
-- Table structure for table `plans`
--

CREATE TABLE `plans` (
  `plan_id` varchar(40) NOT NULL,
  `brief_id` varchar(40) NOT NULL,
  `budget_id` varchar(40) NOT NULL,
  `user_id` int(11) NOT NULL,
  `video_id` varchar(40) NOT NULL,
  `sr_no` int(11) NOT NULL,
  `location` varchar(100) NOT NULL,
  `latitude` decimal(9,6) NOT NULL,
  `longitude` decimal(9,6) NOT NULL,
  `illumination` varchar(200) NOT NULL,
  `media_type` varchar(150) NOT NULL,
  `width` float NOT NULL,
  `height` float NOT NULL,
  `qty` int(5) NOT NULL,
  `size` float NOT NULL,
  `units` decimal(8,3) NOT NULL,
  `duration` decimal(5,2) NOT NULL,
  `imp_per_month` decimal(5,2) NOT NULL,
  `rental_per_month` decimal(10,2) NOT NULL,
  `printing_rate` decimal(4,2) NOT NULL,
  `mounting_rate` decimal(4,2) NOT NULL,
  `cost_for_duration` decimal(10,2) NOT NULL,
  `printing_cost` decimal(10,2) NOT NULL,
  `mounting_cost` decimal(10,2) NOT NULL,
  `total` decimal(10,2) NOT NULL,
  `total_area` decimal(10,3) NOT NULL,
  `map_image` varchar(250) NOT NULL,
  `site_image` varchar(250) NOT NULL,
  `status` int(2) NOT NULL DEFAULT 1,
  `billboard_id` varchar(36) DEFAULT NULL,
  `created_at` timestamp NOT NULL DEFAULT current_timestamp()
) ENGINE=InnoDB DEFAULT CHARSET=utf8mb4 COLLATE=utf8mb4_general_ci;

--
-- Dumping data for table `plans`
--

INSERT INTO `plans` (`plan_id`, `brief_id`, `budget_id`, `user_id`, `video_id`, `sr_no`, `location`, `latitude`, `longitude`, `illumination`, `media_type`, `width`, `height`, `qty`, `size`, `units`, `duration`, `imp_per_month`, `rental_per_month`, `printing_rate`, `mounting_rate`, `cost_for_duration`, `printing_cost`, `mounting_cost`, `total`, `total_area`, `map_image`, `site_image`, `status`, `billboard_id`, `created_at`) VALUES
('25f4cde5-ecd1-4f58-846f-e701b1c490e1', '2b4baa8d-4727-4679-a89f-32875e85412a', 'f92657bc-8f51-47f4-9b48-116af6f2b5ab', 39, 'a48252b1-5961-42f8-a887-f358df838e62', 2, '', 0.000000, 0.000000, '', '', 0, 0, 0, 0, 0.000, 0.00, 0.00, 0.00, 0.00, 0.00, 0.00, 0.00, 0.00, 0.00, 0.000, '', '', 1, '530b715d-1472-4b87-bdbc-037b0ccb650c', '2024-07-04 13:05:34');

-- --------------------------------------------------------

--
-- Table structure for table `roles`
--

CREATE TABLE `roles` (
  `id` int(11) NOT NULL,
  `name` varchar(50) NOT NULL
) ENGINE=InnoDB DEFAULT CHARSET=utf8mb4 COLLATE=utf8mb4_general_ci;

--
-- Dumping data for table `roles`
--

INSERT INTO `roles` (`id`, `name`) VALUES
(1, 'planner'),
(2, 'admin'),
(3, 'controller'),
(4, 'superadmin');

-- --------------------------------------------------------

--
-- Table structure for table `states`
--

CREATE TABLE `states` (
  `state_id` int(11) NOT NULL,
  `state_name` varchar(50) NOT NULL,
  `zone_id` int(11) DEFAULT NULL
) ENGINE=InnoDB DEFAULT CHARSET=utf8mb4 COLLATE=utf8mb4_general_ci;

--
-- Dumping data for table `states`
--

INSERT INTO `states` (`state_id`, `state_name`, `zone_id`) VALUES
(9, 'new york state', 5),
(10, 'south state', 2),
(11, 'maharashtra', 3);

-- --------------------------------------------------------

--
-- Table structure for table `users`
--

CREATE TABLE `users` (
  `id` int(11) NOT NULL,
  `email` varchar(255) NOT NULL,
  `password` varchar(255) NOT NULL,
  `role_id` int(11) NOT NULL,
  `first_name` varchar(100) NOT NULL,
  `last_name` varchar(100) DEFAULT NULL,
  `employee_id` varchar(20) NOT NULL,
  `created_at` timestamp NOT NULL DEFAULT current_timestamp(),
  `updated_at` timestamp NOT NULL DEFAULT current_timestamp() ON UPDATE current_timestamp(),
  `created_by_user_id` int(11) NOT NULL
) ENGINE=InnoDB DEFAULT CHARSET=utf8mb4 COLLATE=utf8mb4_general_ci;

--
-- Dumping data for table `users`
--

INSERT INTO `users` (`id`, `email`, `password`, `role_id`, `first_name`, `last_name`, `employee_id`, `created_at`, `updated_at`, `created_by_user_id`) VALUES
(1, 'john@mail.com', '$2b$12$LGEvisGVlhfcCOF0R3KGD.EJNP4TZOyCv89zgHkbrC3Ucb5aO6x76', 4, 'John', 'Doe', '12345', '2024-03-06 18:00:33', '2024-03-20 15:38:18', 0),
(33, 'test@mail.com', '$2b$12$O7CNwBTngCzvIlPr430J6uilaOC6tKDG93C6.30DEFXMbaKNafQu6', 2, 'rem1', 'rem1', '123454', '2024-03-31 15:39:19', '2024-03-31 18:49:00', 1),
(34, 'controller1@mail.com', '$2b$12$5494Y9kAG2QnuomroKX1UeUvTk6Buy0SaUpiSLD5AXjz86FatsI2i', 3, 'test', 'controller', '7895', '2024-04-01 16:25:17', '2024-04-06 14:02:47', 1),
(36, 'test@email.com', '$2b$12$47bl28GpPwOwnIMz4JFDRe4C5dJwP7tKbC4eLatWcbveLNxWVMNOu', 2, 'test', 'test', 'emp_4', '2024-04-01 16:48:01', '2024-04-01 16:48:29', 1),
(39, 'planner1@mail.com', '$2b$12$CliLWWqa/NLjbMMV7oGJ8eZGAhnNFo2WHh.YC05mJuVeGHSvJDqsW', 1, 'planner', '1', 'planner_emp_1', '2024-04-02 18:47:29', '2024-04-03 01:20:11', 1);

-- --------------------------------------------------------

--
-- Table structure for table `user_areas`
--

CREATE TABLE `user_areas` (
  `id` int(11) NOT NULL,
  `user_id` int(11) NOT NULL,
  `zone_id` int(11) DEFAULT NULL,
  `state_id` int(11) DEFAULT NULL,
  `city_id` int(11) DEFAULT NULL
) ENGINE=InnoDB DEFAULT CHARSET=utf8mb4 COLLATE=utf8mb4_general_ci;

--
-- Dumping data for table `user_areas`
--

INSERT INTO `user_areas` (`id`, `user_id`, `zone_id`, `state_id`, `city_id`) VALUES
(1, 33, 2, NULL, NULL),
(2, 36, 1, NULL, NULL),
(5, 34, 5, 9, 6),
(6, 34, 2, 10, 7),
(10, 39, 3, 11, 8);

-- --------------------------------------------------------

--
-- Table structure for table `videofiles`
--

CREATE TABLE `videofiles` (
  `video_id` varchar(36) NOT NULL,
  `filename` varchar(255) NOT NULL,
  `zone_id` int(11) DEFAULT NULL,
  `state_id` int(11) DEFAULT NULL,
  `city_id` int(11) DEFAULT NULL,
  `created_at` timestamp NOT NULL DEFAULT current_timestamp(),
  `created_by_user_id` int(11) DEFAULT NULL,
  `video_path` varchar(500) NOT NULL,
  `average_speed` float DEFAULT 0,
  `length_of_stretch` float DEFAULT 0
) ENGINE=InnoDB DEFAULT CHARSET=utf8mb4 COLLATE=utf8mb4_general_ci;

--
-- Dumping data for table `videofiles`
--

INSERT INTO `videofiles` (`video_id`, `filename`, `zone_id`, `state_id`, `city_id`, `created_at`, `created_by_user_id`, `video_path`, `average_speed`, `length_of_stretch`) VALUES
('a48252b1-5961-42f8-a887-f358df838e62', 'H1755_1708086315_6815e6.mp4', 3, 11, 8, '2024-06-08 06:10:08', 1, 'C:\\Users\\sande\\OneDrive\\Desktop\\study-material\\upload\\loc8_backend\\instance\\H1755_1708086315_6815e6.mp4', 74.57, 1178.97);

-- --------------------------------------------------------

--
-- Table structure for table `video_coordinates`
--

CREATE TABLE `video_coordinates` (
  `video_id` varchar(40) NOT NULL,
  `id` int(11) NOT NULL,
  `speed` int(11) NOT NULL,
  `latitude` decimal(9,6) NOT NULL,
  `longitude` decimal(9,6) NOT NULL
) ENGINE=InnoDB DEFAULT CHARSET=utf8mb4 COLLATE=utf8mb4_general_ci;

--
-- Dumping data for table `video_coordinates`
--

INSERT INTO `video_coordinates` (`video_id`, `id`, `speed`, `latitude`, `longitude`) VALUES
('a48252b1-5961-42f8-a887-f358df838e62', 52, 92, 18.901300, 73.200000),
('a48252b1-5961-42f8-a887-f358df838e62', 53, 63, 18.900300, 73.201500),
('a48252b1-5961-42f8-a887-f358df838e62', 54, 66, 18.899100, 73.202500),
('a48252b1-5961-42f8-a887-f358df838e62', 55, 73, 18.897500, 73.203200),
('a48252b1-5961-42f8-a887-f358df838e62', 56, 74, 18.895900, 73.203800),
('a48252b1-5961-42f8-a887-f358df838e62', 57, 75, 18.894100, 73.204500),
('a48252b1-5961-42f8-a887-f358df838e62', 58, 79, 18.892300, 73.205400);

-- --------------------------------------------------------

--
-- Table structure for table `zones`
--

CREATE TABLE `zones` (
  `zone_id` int(11) NOT NULL,
  `zone_name` varchar(50) NOT NULL
) ENGINE=InnoDB DEFAULT CHARSET=utf8mb4 COLLATE=utf8mb4_general_ci;

--
-- Dumping data for table `zones`
--

INSERT INTO `zones` (`zone_id`, `zone_name`) VALUES
(1, 'North'),
(2, 'South'),
(3, 'West'),
(4, 'East'),
(5, 'North East');

--
-- Indexes for dumped tables
--

--
-- Indexes for table `assigned_budgets`
--
ALTER TABLE `assigned_budgets`
  ADD PRIMARY KEY (`id`),
  ADD KEY `user_id` (`user_id`),
  ADD KEY `budget_id` (`budget_id`);

--
-- Indexes for table `billboards`
--
ALTER TABLE `billboards`
  ADD PRIMARY KEY (`id`),
  ADD KEY `video_id` (`video_id`),
  ADD KEY `fk_created_by_user_bill` (`created_by_user_id`),
  ADD KEY `fk_billboard_imp` (`impression_id`);

--
-- Indexes for table `briefs`
--
ALTER TABLE `briefs`
  ADD PRIMARY KEY (`brief_id`),
  ADD KEY `created_by_user_id` (`created_by_user_id`);

--
-- Indexes for table `brief_budgets`
--
ALTER TABLE `brief_budgets`
  ADD PRIMARY KEY (`budget_id`),
  ADD KEY `brief_id` (`brief_id`),
  ADD KEY `city_id` (`city_id`),
  ADD KEY `state_id` (`state_id`),
  ADD KEY `zone_id` (`zone_id`);

--
-- Indexes for table `cities`
--
ALTER TABLE `cities`
  ADD PRIMARY KEY (`city_id`),
  ADD UNIQUE KEY `city_name` (`city_name`),
  ADD KEY `state_id` (`state_id`);

--
-- Indexes for table `impression_data`
--
ALTER TABLE `impression_data`
  ADD PRIMARY KEY (`impression_id`);

--
-- Indexes for table `plans`
--
ALTER TABLE `plans`
  ADD PRIMARY KEY (`plan_id`),
  ADD KEY `brief_id` (`brief_id`),
  ADD KEY `budget_id` (`budget_id`),
  ADD KEY `user_id` (`user_id`),
  ADD KEY `video_id` (`video_id`),
  ADD KEY `fk_plans_billboards` (`billboard_id`);

--
-- Indexes for table `roles`
--
ALTER TABLE `roles`
  ADD PRIMARY KEY (`id`);

--
-- Indexes for table `states`
--
ALTER TABLE `states`
  ADD PRIMARY KEY (`state_id`),
  ADD UNIQUE KEY `state_name` (`state_name`),
  ADD KEY `zone_id` (`zone_id`);

--
-- Indexes for table `users`
--
ALTER TABLE `users`
  ADD PRIMARY KEY (`id`),
  ADD UNIQUE KEY `email` (`email`,`employee_id`),
  ADD UNIQUE KEY `unique_email` (`email`),
  ADD UNIQUE KEY `unique_epmloyee_id` (`employee_id`),
  ADD KEY `role_id` (`role_id`);

--
-- Indexes for table `user_areas`
--
ALTER TABLE `user_areas`
  ADD PRIMARY KEY (`id`),
  ADD KEY `user_id` (`user_id`),
  ADD KEY `zone_id` (`zone_id`),
  ADD KEY `state_id` (`state_id`),
  ADD KEY `city_id` (`city_id`);

--
-- Indexes for table `videofiles`
--
ALTER TABLE `videofiles`
  ADD PRIMARY KEY (`video_id`),
  ADD UNIQUE KEY `video_path` (`video_path`),
  ADD KEY `zone_id` (`zone_id`),
  ADD KEY `state_id` (`state_id`),
  ADD KEY `city_id` (`city_id`),
  ADD KEY `created_by_user_id` (`created_by_user_id`);

--
-- Indexes for table `video_coordinates`
--
ALTER TABLE `video_coordinates`
  ADD PRIMARY KEY (`id`),
  ADD KEY `video_id` (`video_id`);

--
-- Indexes for table `zones`
--
ALTER TABLE `zones`
  ADD PRIMARY KEY (`zone_id`);

--
-- AUTO_INCREMENT for dumped tables
--

--
-- AUTO_INCREMENT for table `cities`
--
ALTER TABLE `cities`
  MODIFY `city_id` int(11) NOT NULL AUTO_INCREMENT, AUTO_INCREMENT=9;

--
-- AUTO_INCREMENT for table `impression_data`
--
ALTER TABLE `impression_data`
  MODIFY `impression_id` int(11) NOT NULL AUTO_INCREMENT, AUTO_INCREMENT=2081;

--
-- AUTO_INCREMENT for table `roles`
--
ALTER TABLE `roles`
  MODIFY `id` int(11) NOT NULL AUTO_INCREMENT, AUTO_INCREMENT=7;

--
-- AUTO_INCREMENT for table `states`
--
ALTER TABLE `states`
  MODIFY `state_id` int(11) NOT NULL AUTO_INCREMENT, AUTO_INCREMENT=12;

--
-- AUTO_INCREMENT for table `users`
--
ALTER TABLE `users`
  MODIFY `id` int(11) NOT NULL AUTO_INCREMENT, AUTO_INCREMENT=40;

--
-- AUTO_INCREMENT for table `user_areas`
--
ALTER TABLE `user_areas`
  MODIFY `id` int(11) NOT NULL AUTO_INCREMENT, AUTO_INCREMENT=11;

--
-- AUTO_INCREMENT for table `video_coordinates`
--
ALTER TABLE `video_coordinates`
  MODIFY `id` int(11) NOT NULL AUTO_INCREMENT, AUTO_INCREMENT=66;

--
-- AUTO_INCREMENT for table `zones`
--
ALTER TABLE `zones`
  MODIFY `zone_id` int(11) NOT NULL AUTO_INCREMENT, AUTO_INCREMENT=6;

--
-- Constraints for dumped tables
--

--
-- Constraints for table `assigned_budgets`
--
ALTER TABLE `assigned_budgets`
  ADD CONSTRAINT `assigned_budgets_ibfk_1` FOREIGN KEY (`user_id`) REFERENCES `users` (`id`),
  ADD CONSTRAINT `assigned_budgets_ibfk_2` FOREIGN KEY (`budget_id`) REFERENCES `brief_budgets` (`budget_id`);

--
-- Constraints for table `billboards`
--
ALTER TABLE `billboards`
  ADD CONSTRAINT `billboards_ibfk_1` FOREIGN KEY (`video_id`) REFERENCES `videofiles` (`video_id`),
  ADD CONSTRAINT `fk_billboard_imp` FOREIGN KEY (`impression_id`) REFERENCES `impression_data` (`impression_id`),
  ADD CONSTRAINT `fk_created_by_user_bill` FOREIGN KEY (`created_by_user_id`) REFERENCES `users` (`id`);

--
-- Constraints for table `briefs`
--
ALTER TABLE `briefs`
  ADD CONSTRAINT `briefs_ibfk_1` FOREIGN KEY (`created_by_user_id`) REFERENCES `users` (`id`);

--
-- Constraints for table `brief_budgets`
--
ALTER TABLE `brief_budgets`
  ADD CONSTRAINT `brief_budgets_ibfk_1` FOREIGN KEY (`brief_id`) REFERENCES `briefs` (`brief_id`),
  ADD CONSTRAINT `brief_budgets_ibfk_2` FOREIGN KEY (`city_id`) REFERENCES `cities` (`city_id`),
  ADD CONSTRAINT `brief_budgets_ibfk_3` FOREIGN KEY (`state_id`) REFERENCES `states` (`state_id`),
  ADD CONSTRAINT `brief_budgets_ibfk_4` FOREIGN KEY (`zone_id`) REFERENCES `zones` (`zone_id`);

--
-- Constraints for table `cities`
--
ALTER TABLE `cities`
  ADD CONSTRAINT `cities_ibfk_1` FOREIGN KEY (`state_id`) REFERENCES `states` (`state_id`);

--
-- Constraints for table `plans`
--
ALTER TABLE `plans`
  ADD CONSTRAINT `fk_plans_billboards` FOREIGN KEY (`billboard_id`) REFERENCES `billboards` (`id`),
  ADD CONSTRAINT `plans_ibfk_1` FOREIGN KEY (`brief_id`) REFERENCES `briefs` (`brief_id`),
  ADD CONSTRAINT `plans_ibfk_2` FOREIGN KEY (`budget_id`) REFERENCES `brief_budgets` (`budget_id`),
  ADD CONSTRAINT `plans_ibfk_3` FOREIGN KEY (`user_id`) REFERENCES `users` (`id`),
  ADD CONSTRAINT `plans_ibfk_4` FOREIGN KEY (`video_id`) REFERENCES `videofiles` (`video_id`);

--
-- Constraints for table `states`
--
ALTER TABLE `states`
  ADD CONSTRAINT `states_ibfk_1` FOREIGN KEY (`zone_id`) REFERENCES `zones` (`zone_id`);

--
-- Constraints for table `users`
--
ALTER TABLE `users`
  ADD CONSTRAINT `users_ibfk_1` FOREIGN KEY (`role_id`) REFERENCES `roles` (`id`);

--
-- Constraints for table `user_areas`
--
ALTER TABLE `user_areas`
  ADD CONSTRAINT `user_areas_ibfk_1` FOREIGN KEY (`user_id`) REFERENCES `users` (`id`),
  ADD CONSTRAINT `user_areas_ibfk_2` FOREIGN KEY (`zone_id`) REFERENCES `zones` (`zone_id`),
  ADD CONSTRAINT `user_areas_ibfk_3` FOREIGN KEY (`state_id`) REFERENCES `states` (`state_id`),
  ADD CONSTRAINT `user_areas_ibfk_4` FOREIGN KEY (`city_id`) REFERENCES `cities` (`city_id`);

--
-- Constraints for table `videofiles`
--
ALTER TABLE `videofiles`
  ADD CONSTRAINT `videofiles_ibfk_1` FOREIGN KEY (`zone_id`) REFERENCES `zones` (`zone_id`),
  ADD CONSTRAINT `videofiles_ibfk_2` FOREIGN KEY (`state_id`) REFERENCES `states` (`state_id`),
  ADD CONSTRAINT `videofiles_ibfk_3` FOREIGN KEY (`city_id`) REFERENCES `cities` (`city_id`),
  ADD CONSTRAINT `videofiles_ibfk_4` FOREIGN KEY (`created_by_user_id`) REFERENCES `users` (`id`);

--
-- Constraints for table `video_coordinates`
--
ALTER TABLE `video_coordinates`
  ADD CONSTRAINT `video_coordinates_ibfk_1` FOREIGN KEY (`video_id`) REFERENCES `videofiles` (`video_id`);
COMMIT;

/*!40101 SET CHARACTER_SET_CLIENT=@OLD_CHARACTER_SET_CLIENT */;
/*!40101 SET CHARACTER_SET_RESULTS=@OLD_CHARACTER_SET_RESULTS */;
/*!40101 SET COLLATION_CONNECTION=@OLD_COLLATION_CONNECTION */;
